{'ID': '2', 'JobTitle': 'Investment  Advisor', 'EmailAddress': 'Clint_Thorpe5003@bulaffy.com', 'FirstNameLastName': 'Clint Thorpe', 'CreditCard': '7083-8766-0251-2345', 'CreditCardType': 'American Express'}
{'ID': '12', 'JobTitle': 'Retail Trainee', 'EmailAddress': 'Phillip_Carpenter9505@famism.biz', 'FirstNameLastName': 'Phillip Carpenter', 'CreditCard': '3657-0088-0820-5247', 'CreditCardType': 'American Express'}
{'ID': '28', 'JobTitle': 'Project Manager', 'EmailAddress': 'Russel_Graves1378@extex.org', 'FirstNameLastName': 'Russel Graves', 'CreditCard': '6718-4818-8011-6024', 'CreditCardType': 'American Express'}
{'ID': '39', 'JobTitle': 'Stockbroker', 'EmailAddress': 'Leanne_Newton1268@typill.biz', 'FirstNameLastName': 'Leanne Newton', 'CreditCard': '5438-0816-4166-4847', 'CreditCardType': 'American Express'}
{'ID': '57', 'JobTitle': 'Budget Analyst', 'EmailAddress': 'Tony_Giles1960@iatim.tech', 'FirstNameLastName': 'Tony Giles', 'CreditCard': '8130-3425-7573-7745', 'CreditCardType': 'American Express'}
{'ID': '62', 'JobTitle': 'CNC Operator', 'EmailAddress': 'Owen_Allcott5125@bauros.biz', 'FirstNameLastName': 'Owen Allcott', 'CreditCard': '4156-0107-7210-2630', 'CreditCardType': 'American Express'}
{'ID': '68', 'JobTitle': 'Project Manager', 'EmailAddress': 'Liam_Lynn3280@kideod.biz', 'FirstNameLastName': 'Liam Lynn', 'CreditCard': '7152-3247-6053-2233', 'CreditCardType': 'American Express'}
{'ID': '74', 'JobTitle': 'Dentist', 'EmailAddress': 'Regina_Woodcock5820@yahoo.com', 'FirstNameLastName': 'Regina Woodcock', 'CreditCard': '0208-1753-3870-8002', 'CreditCardType': 'American Express'}
{'ID': '81', 'JobTitle': 'HR Specialist', 'EmailAddress': 'Carter_Wallace9614@atink.com', 'FirstNameLastName': 'Carter Wallace', 'CreditCard': '4256-7201-6717-4322', 'CreditCardType': 'American Express'}
{'ID': '92', 'JobTitle': 'Staffing Consultant', 'EmailAddress': 'Maia_Stark2797@jiman.org', 'FirstNameLastName': 'Maia Stark', 'CreditCard': '3851-1403-1734-6321', 'CreditCardType': 'American Express'}
{'ID': '97', 'JobTitle': 'Stockbroker', 'EmailAddress': 'Ciara_Lomax982@bauros.biz', 'FirstNameLastName': 'Ciara Lomax', 'CreditCard': '3702-3440-2472-5424', 'CreditCardType': 'American Express'}
{'ID': '116', 'JobTitle': 'Staffing Consultant', 'EmailAddress': 'Isabel_Ellwood1475@fuliss.net', 'FirstNameLastName': 'Isabel Ellwood', 'CreditCard': '3738-0882-0066-6683', 'CreditCardType': 'American Express'}
{'ID': '148', 'JobTitle': 'CNC Operator', 'EmailAddress': 'Abdul_Townend2202@infotech44.tech', 'FirstNameLastName': 'Abdul Townend', 'CreditCard': '4224-1226-3557-3448', 'CreditCardType': 'American Express'}
{'ID': '150', 'JobTitle': 'Fabricator', 'EmailAddress': 'Caleb_Poulton1735@atink.com', 'FirstNameLastName': 'Caleb Poulton', 'CreditCard': '8203-6875-5225-0341', 'CreditCardType': 'American Express'}
{'ID': '151', 'JobTitle': 'Restaurant Manager', 'EmailAddress': 'Ronald_Lewis6777@deavo.com', 'FirstNameLastName': 'Ronald Lewis', 'CreditCard': '7212-0155-5014-8471', 'CreditCardType': 'American Express'}
{'ID': '154', 'JobTitle': 'Bellman', 'EmailAddress': 'Faith_Seymour3829@twace.org', 'FirstNameLastName': 'Faith Seymour', 'CreditCard': '4170-5186-6887-6558', 'CreditCardType': 'American Express'}
{'ID': '169', 'JobTitle': 'Assistant Buyer', 'EmailAddress': 'Anthony_Hancock9083@qater.org', 'FirstNameLastName': 'Anthony Hancock', 'CreditCard': '0832-3357-6010-6550', 'CreditCardType': 'American Express'}
{'ID': '176', 'JobTitle': 'Healthcare Specialist', 'EmailAddress': 'Isabella_Willson5478@nanoff.biz', 'FirstNameLastName': 'Isabella Willson', 'CreditCard': '5177-4868-4623-0384', 'CreditCardType': 'American Express'}
{'ID': '182', 'JobTitle': 'Pharmacist', 'EmailAddress': 'Stephanie_Darcy3298@bauros.biz', 'FirstNameLastName': 'Stephanie Darcy', 'CreditCard': '0264-4020-5106-5576', 'CreditCardType': 'American Express'}
{'ID': '199', 'JobTitle': 'Investment  Advisor', 'EmailAddress': 'Ryan_Kennedy5565@corti.com', 'FirstNameLastName': 'Ryan Kennedy', 'CreditCard': '3166-6287-6242-7207', 'CreditCardType': 'American Express'}
